数据,Delta定义,Delta(s),bias_x(m),bias_y(m),bias_norm(m),rmse_before(m),rmse_after(m),overlap_start(s),overlap_end(s),附件3是否判断存在系统偏差
附件1,t2_aligned = t2 + Delta,-198.4317014517301,0.0,0.0,0.0,9.055190894551714e-08,9.055190894551714e-08,270.3999985482699,970.75,
附件2,t2_aligned = t2 + Delta,-50.494699392324925,3.4799719167146375,-1.8221193973958547,3.9281450634477313,3.997029471642362,0.7312951348240421,161.82630060767508,851.75,True
附件3,t2_aligned = t2 + Delta,367.88433364898816,-0.17820549269467267,-0.2795531091732164,0.3315224554611094,2.7497071305850134,2.7451823266516624,469.05,769.0143336489882,False
