数据,Delta(s),overlap_start,overlap_end,overlap_duration,overlap_points_10hz,RMSE_before,RMSE_after,improvement_ratio,objective_best_delta,objective_best_rmse,objective_second_local_min_rmse,unique_clear_minimum,sufficient_overlap
附件1,-198.4317014517301,270.3999985482699,970.75,700.3500014517301,7004,9.055190894551714e-08,9.055190894551714e-08,0.0,-198.21732499999996,0.013371373872554186,,True,True
附件2,-50.494699392324925,161.82630060767508,851.75,689.9236993923249,6900,3.997029471642362,0.7312951348240421,0.8170403445828094,-50.445750000000004,0.7341435362819514,20.614720468054482,True,True
附件3,367.88433364898816,469.05,769.0143336489882,299.9643336489882,3000,2.7497071305850134,2.7451823266516624,0.0016455584971292198,367.8375,2.7532418493220128,63.556864744783226,True,True
