model_name,description,n_params,train_rmse,cv_rmse,cv_rmse_x,cv_rmse_y,improvement_vs_M0,improvement_vs_M1,conclusion
M0,"no systematic bias, residual prediction is zero",0,1.9455845403004015,1.9455845403004026,1.9592821478105722,1.931789810559795,0.0,0.0,not primary explanatory model
M1,constant translation bias,2,1.9402361765627554,1.9436294999425834,1.9582210108905114,1.9289276136239684,0.001004860142195299,0.0,not primary explanatory model
M2,linear time-varying bias,4,1.9378570397645678,1.9463266812534439,1.957666145606511,1.9349207639240005,-0.0003814488333293762,-0.0013877034233840215,not primary explanatory model
M3,state-related linear Ridge bias,16,1.9158568390766653,2.1733168311128246,1.9894867879456273,2.3427664026501596,-0.11705083284495034,-0.11817444177351001,not primary explanatory model
M4,nonlinear random-forest bias with blocked CV,120,1.6872940135107295,1.9995567037621618,2.0236395253180874,1.97518026890985,-0.02774084720750594,-0.028774621820275174,not primary explanatory model
