数据,model,param_count,RMSE,improvement_ratio,relative_gain_vs_M1,params,selected_model
附件2,M1_translation,2,0.731295134824042,0.8170403445828094,0.0,"{'bias_x': 3.4799719167146375, 'bias_y': -1.8221193973958547}",M1_translation
附件2,M2_rotation_translation,3,0.7311849612858115,0.8170679084371697,0.0001506553687889855,"{'scale': 1.0, 'rotation_deg': 0.017048396482901736, 'tx': -3.475924712986945, 'ty': 1.8372684894129436}",M1_translation
附件2,M3_scale_rotation_translation,4,0.7300239807097317,0.8173583692867373,0.0017382231246705598,"{'scale': 0.9960658883671034, 'rotation_deg': 0.017048396482901736, 'tx': -3.4275103082612137, 'ty': 1.842136087112844}",M1_translation
附件3,M1_translation,2,2.7451823266516624,0.0016455584971292198,0.0,"{'bias_x': -0.17820549269467267, 'bias_y': -0.2795531091732164}",M1_translation
附件3,M2_rotation_translation,3,2.735461826354691,0.00518066235922798,0.0035409306706515957,"{'scale': 1.0, 'rotation_deg': 0.1893446936103595, 'tx': 0.08261741844285275, 'ty': 0.1309618697232331}",M1_translation
附件3,M3_scale_rotation_translation,4,2.7349213454806955,0.005377221792043025,0.003737814086644772,"{'scale': 1.0009453196382665, 'rotation_deg': 0.1893446936103595, 'tx': 0.09022177759771921, 'ty': 0.11714830003283083}",M1_translation
