block_length,block_seconds,bx_ci_low,bx_median,bx_ci_high,by_ci_low,by_median,by_ci_high,bias_norm_ci_low,bias_norm_median,bias_norm_ci_high,bias_norm,tau_b,bias_norm_gt_tau,bx_contains_zero,by_contains_zero,significant_fixed_bias
5,0.5,-0.39704092010136394,-0.1659822876818346,0.03810248371346252,-0.4423347473171654,-0.2766201878612229,-0.124424946958634,0.16504772431167167,0.34655513281877043,0.5299573296438013,0.3315224554611094,0.5490364653303325,False,True,False,False
10,1.0,-0.4423933919114938,-0.16640158103863678,0.0996036101797868,-0.4928621430004976,-0.27861598175886826,-0.06134052006229641,0.13101417325525344,0.35693053991946755,0.5936072059427301,0.3315224554611094,0.5490364653303325,False,True,False,False
20,2.0,-0.46125295950280554,-0.17194209187354947,0.1179794345439981,-0.5080459074517132,-0.27582764948648464,-0.021823004709640506,0.11345641580181705,0.36234855417697776,0.6125407511015732,0.3315224554611094,0.5490364653303325,False,True,False,False
