config_name,q_pos,q_vel,q_bias,r1_x,r1_y,r2_x,r2_y,Delta,bx,by,rmse_after,residual_var_x,residual_var_y,nll
low_process,0.002,0.01,1e-07,0.2674782941238165,0.2674782941238165,0.2674782941238165,0.2674782941238165,-50.494699392324925,3.4807370408221274,-1.8282504914338302,0.7314482069928431,0.25664070963225627,0.27831587861537677,16310.125718362016
balanced,0.01,0.05,1e-06,0.2674782941238165,0.2674782941238165,0.2674782941238165,0.2674782941238165,-50.494699392324925,3.480253079048852,-1.8274753177707415,0.7314510630447789,0.25664070963225627,0.27831587861537677,16487.79982101659
smooth_bias,0.03,0.1,1e-08,0.32097395294857983,0.32097395294857983,0.32097395294857983,0.32097395294857983,-50.494699392324925,3.480884491895959,-1.8283531181752317,0.7314485431981462,0.25664070963225627,0.27831587861537677,13722.958831006532
