method,Delta,bx,by,rmse_before,rmse_after,residual_var_x,residual_var_y,nll,notes
RobustMedian,-50.494699392324925,3.4799719167146375,-1.8221193973958547,3.996951346429083,0.7315150265234127,0.25664070963225627,0.27831587861537677,,baseline robust median after coarse-to-fine RMSE alignment
KalmanFilter,-50.494699392324925,3.480884491895959,-1.8283531181752317,3.996951346429083,0.7314485431981462,0.25664070963225627,0.27831587861537677,13722.958831006532,best sensitivity config=smooth_bias
KalmanRTS,-50.494699392324925,3.4754261559910447,-1.8336828623258254,3.996951346429083,0.7314072794028046,0.25664070963225627,0.27831587861537677,13722.958831006532,RTS smoothed states using all observations
