source,variance_sum_xy,inverse_variance_weight
source1,2.7199649607822707,0.3615104429560636
source2,1.5400341743251207,0.6384895570439365
