model,selected_task_count,coverage_count,nominal_margin_sum,mean_scenario_margin_sum,worst_case_margin_sum,min_task_worst_margin,scenario_feasible_rate,high_risk_task_count,smoothing_stability_score,whether_contains_S04,whether_contains_P10,task_ids
R6_eps_0.00,9,9,1.0830000000000002,1.2244756404739745,0.5391950977578843,0.0,0.9481481481481482,5,0.9481481481481482,False,True,S01射击|S03射击|P04拍照|P10拍照|P03拍照|P01拍照|P02拍照|S14射击|S15射击
R6_eps_0.02,6,6,0.925,1.0665298926929443,0.5391950977578844,0.027669406214460346,1.0,0,1.0,False,True,S03射击|P10拍照|P04拍照|P11拍照|P01拍照|S15射击
R6_eps_0.05,5,5,0.8069999999999999,0.9484602279056521,0.5115256915434241,0.05344933356507786,1.0,0,1.0,False,False,P11拍照|P04拍照|P03拍照|P01拍照|S16射击
R6_eps_0.08,3,3,0.611,0.6941258797687173,0.4200863296536885,0.09556703470939887,1.0,0,1.0,False,False,P04拍照|P03拍照|P01拍照
R6_eps_0.10,2,2,0.52,0.520682389490309,0.3339489761763997,0.12394126339150062,1.0,0,1.0,False,False,P11拍照|P01拍照
