dataset,objective,Delta,bx,by,RMSE_after,MAE_after,Huber_after
附件2,RMSE,-50.494699392324925,3.4799719167146375,-1.8221193973958547,0.7312951348240421,0.6445732621423058,0.2596066957112457
附件2,MAE,-50.41969939232492,3.4809264271956444,-1.8205478030685738,0.7317282685753382,0.6443660313976357,0.2598958674993841
附件2,Huber,-50.494699392324925,3.4799719167146375,-1.8221193973958547,0.7312951348240421,0.6445732621423058,0.2596066957112457
附件2,trimmed_RMSE,-50.44469939232493,3.480129044514962,-1.820323341461572,0.7315445931516452,0.6443684855567391,0.25976220321327886
附件3,RMSE,367.90933364898814,-0.17679869649559166,-0.29557713742342084,2.744133621177782,2.4505747588812477,1.9607984889630234
附件3,MAE,367.90933364898814,-0.17679869649559166,-0.29557713742342084,2.744133621177782,2.4505747588812477,1.9607984889630234
附件3,Huber,367.90933364898814,-0.17679869649559166,-0.29557713742342084,2.744133621177782,2.4505747588812477,1.9607984889630234
附件3,trimmed_RMSE,367.90933364898814,-0.17679869649559166,-0.29557713742342084,2.744133621177782,2.4505747588812477,1.9607984889630234
