数据,bias_x,bias_y,bias_norm,RMSE_after,tau_b,bx_ci_low,bx_ci_high,by_ci_low,by_ci_high,ci_excludes_zero_both_axes,has_system_bias
附件3,-0.17820549269467267,-0.2795531091732164,0.3315224554611094,2.7451823266516624,0.5490364653303325,-0.4412732798682209,0.12395156128932079,-0.5399385672137571,-0.012863118133198079,False,False
